Organization,Chapter Name,URL
Apra,Apra International (Main),https://www.aprahome.org/
Apra,Apra California,https://www.apracalifornia.org/
Apra,Apra Canada,https://www.apracanada.ca/
Apra,Apra Carolinas,https://www.apracarolinas.org/
Apra,Apra Florida,https://www.apraflorida.org/
Apra,Apra Georgia,https://www.aprageorgia.org/
Apra,Apra Great Plains,https://www.apragreatplains.org/
Apra,Apra Greater Houston,https://www.aprahouston.org/
Apra,Apra Greater New York,https://www.apragny.org/
Apra,Apra Heartland,https://apraheartland.wildapricot.org/
Apra,Apra Illinois,https://www.apraillinois.org/
Apra,Apra Indiana,https://www.apraindiana.org/
Apra,Apra Maryland,https://www.apramaryland.org/
Apra,Apra Michigan,https://www.apramichigan.org/
Apra,Apra Mid-South,https://www.apramidsouth.org/
Apra,Apra Minnesota,https://apra-mn.org/
Apra,Apra New England (NEDRA),https://www.nedra.org/
Apra,Apra Northwest,https://apra-nw.org/
Apra,Apra Ohio (OPRN),https://www.oprn.org/
Apra,Apra Pennsylvania,https://aprapa.org/
Apra,Apra Rocky Mountain,https://aprarockymountain.org/
Apra,Apra South-Central Texas,https://www.aprasct.org/
Apra,Apra Utah,https://www.apra-utah.org/
Apra,Apra Virginia,https://www.apravirginia.org/
Apra,Apra Wisconsin,https://www.aprawisconsin.org/
AFP,AFP Global (Main),https://afpglobal.org/
AFP,AFP Greater Austin,https://www.afpaustin.org/
AFP,AFP Atlanta,https://www.afpatlanta.org/
AFP,AFP Chicago,https://www.afpchicago.org/
AFP,AFP Colorado,https://www.afpcolorado.org/
AFP,AFP Greater Detroit,https://www.afpdetroit.org/
AFP,AFP Golden Gate (San Francisco),https://www.afpgoldengate.org/
AFP,AFP Greater Houston,https://www.afphouston.org/
AFP,AFP Massachusetts,https://www.afpmassachusetts.org/
AFP,AFP Maryland,https://afpmd.org/
AFP,AFP Miami,https://community.afpnet.org/miami/
AFP,AFP NYC,https://www.nycafp.org/
AFP,AFP Oregon & SW Washington,https://www.afporegon.org/
AFP,AFP Greater Philadelphia,https://www.afpphilly.org/
AFP,AFP San Diego,https://www.afpsd.org/
AFP,AFP St. Louis,https://www.afpstl.org/
AFP,AFP Toronto,https://afptoronto.org/
AFP,AFP Utah,https://afputah.org/
AFP,AFP Washington (Seattle),https://afpwashington.org/